<?xml version="1.0" encoding="UTF-8"?>
<project-private xmlns="http://www.netbeans.org/ns/project-private/1">
    <editor-bookmarks xmlns="http://www.netbeans.org/ns/editor-bookmarks/2" lastBookmarkId="0"/>
    <open-files xmlns="http://www.netbeans.org/ns/projectui-open-files/2">
        <group>
            <file>file:/C:/Users/biten/Documents/NetBeansProjects/AtividadeFinal/AtividadeFinal/AtividadeFinal/src/MenuPrincipal.java</file>
            <file>file:/C:/Users/biten/Documents/NetBeansProjects/AtividadeFinal/AtividadeFinal/AtividadeFinal/src/Cadastro.java</file>
            <file>file:/C:/Users/biten/Documents/NetBeansProjects/AtividadeFinal/AtividadeFinal/AtividadeFinal/src/Salvarmotivos.java</file>
            <file>file:/C:/Users/biten/Documents/NetBeansProjects/AtividadeFinal/AtividadeFinal/AtividadeFinal/usuarios.txt</file>
            <file>file:/C:/Users/biten/Documents/NetBeansProjects/AtividadeFinal/AtividadeFinal/AtividadeFinal/src/TeladeLogin.java</file>
            <file>file:/C:/Users/biten/Documents/NetBeansProjects/AtividadeFinal/AtividadeFinal/AtividadeFinal/src/Nossocontato.java</file>
            <file>file:/C:/Users/biten/Documents/NetBeansProjects/AtividadeFinal/AtividadeFinal/AtividadeFinal/src/Lazer.java</file>
            <file>file:/C:/Users/biten/Documents/NetBeansProjects/AtividadeFinal/AtividadeFinal/AtividadeFinal/src/Metas.java</file>
        </group>
    </open-files>
</project-private>
